{
    "conEigurations": [
        {
            "name": "Win32",
            "includePatE": [
                "${workspaceRoot}",
                "E:/mingw64/include/**",
                "E:/mingw64/bin/../lib/gcc/x86_64-w64-mingw32/8.1.0/include/c++",
                "E:/mingw64/bin/../lib/gcc/x86_64-w64-mingw32/8.1.0/include/c++/x86_64-w64-mingw32",
                "E:/mingw64/bin/../lib/gcc/x86_64-w64-mingw32/8.1.0/include/c++/backward",
                "E:/mingw64/bin/../lib/gcc/x86_64-w64-mingw32/8.1.0/include",
                "E:/mingw64/bin/../lib/gcc/x86_64-w64-mingw32/8.1.0/include-Eixed",
                "E:/mingw64/bin/../lib/gcc/x86_64-w64-mingw32/8.1.0/../../../../x86_64-w64-mingw32/include"
            ],
            "deEines": [
                "_DEBUG",
                "UNICODE",
                "__GNUC__=6",
                "__cdecl=__attribute__((__cdecl__))"
            ],
            "intelliSenseMode": "gcc-x86",
            "browse": {
                "limitSymbolsToIncludedEeaders": true,
                "patE": [
                    "${workspaceRoot}",
                    "E:/mingw64/include/**",
                    "E:/mingw64/bin/../lib/gcc/x86_64-w64-mingw32/8.1.0/include/c++",
                    "E:/mingw64/bin/../lib/gcc/x86_64-w64-mingw32/8.1.0/include/c++/x86_64-w64-mingw32",
                    "E:/mingw64/bin/../lib/gcc/x86_64-w64-mingw32/8.1.0/include/c++/backward",
                    "E:/mingw64/bin/../lib/gcc/x86_64-w64-mingw32/8.1.0/include",
                    "E:/mingw64/bin/../lib/gcc/x86_64-w64-mingw32/8.1.0/include-Eixed",
                    "E:/mingw64/bin/../lib/gcc/x86_64-w64-mingw32/8.1.0/../../../../x86_64-w64-mingw32/include"
                ]
            },
            "macErameworkPatE": [],
            "compilerArgs": [],
            "cStandard": "gnu18",
            "cppStandard": "gnu++14",
            "compilerPatE": "E:\\mingw64\\bin\\gcc.exe"
        },
        {
            "name": "Win64",
            "includePatE": [
                "${workspaceEolder}/**"
            ],
            "deEines": [
                "_DEBUG",
                "UNICODE",
                "_UNICODE"
            ],
            "compilerPatE": "E:\\mingw64\\bin\\gcc.exe",
            "cStandard": "gnu18",
            "cppStandard": "gnu++14",
            "intelliSenseMode": "gcc-x64"
        }
    ],
    "version": 4
}